Date,Text,Signal,LoggedAt
2025-06-03 19:20:36,"**–í–¢–ë –ø—Ä–æ–±–∏–ª –∫–≤–æ—Ä—É–º –ø–æ —Ä—É–±–ª–∏—Ñ–∏–∫–∞—Ü–∏–∏ –±–æ–Ω–¥–æ–≤ –°–£–ë-–¢1-2 –Ω–∞ 190 –º–ª–Ω –µ–≤—Ä–æ**

–í–¢–ë –ø–æ–ª—É—á–∏–ª –±–æ–ª–µ–µ 75% –≥–æ–ª–æ—Å–æ–≤ –¥–µ—Ä–∂–∞—Ç–µ–ª–µ–π –≤—ã–ø—É—Å–∫–∞ –±–µ—Å—Å—Ä–æ—á–Ω—ã—Ö —Å—É–±–æ—Ä–¥–∏–Ω–∏—Ä–æ–≤–∞–Ω–Ω—ã—Ö –æ–±–ª–∏–≥–∞—Ü–∏–π –°–£–ë-–¢1-2 –æ–±—ä–µ–º–æ–º 190 –º–ª–Ω –µ–≤—Ä–æ, —Å–æ–±—Ä–∞–≤ –Ω–µ–æ–±—Ö–æ–¥–∏–º—ã–π –∫–≤–æ—Ä—É–º –¥–ª—è –∫–æ–Ω–≤–µ—Ä—Ç–∞—Ü–∏–∏ –Ω–æ–º–∏–Ω–∞–ª–∞ —ç—Ç–æ–≥–æ –≤—ã–ø—É—Å–∫–∞ –≤ —Ä—É–±–ª–∏, —Å–æ–æ–±—â–∏–ª –ø–µ—Ä–≤—ã–π –∑–∞–º–ø—Ä–µ–¥ –±–∞–Ω–∫–∞ –î–º–∏—Ç—Ä–∏–π –ü—å—è–Ω–æ–≤.

–°–æ–≥–ª–∞—Å–Ω–æ –¥–µ–π—Å—Ç–≤—É—é—â–µ–º—É –∑–∞–∫–æ–Ω–æ–¥–∞—Ç–µ–ª—å—Å—Ç–≤—É, –≤–Ω–µ—Å–µ–Ω–∏–µ –∏–∑–º–µ–Ω–µ–Ω–∏–π –≤ —ç–º–∏—Å—Å–∏–æ–Ω–Ω—É—é –¥–æ–∫—É–º–µ–Ω—Ç–∞—Ü–∏—é —Ç—Ä–µ–±—É–µ—Ç —Å–æ–≥–ª–∞—Å–∏—è –≤–ª–∞–¥–µ–ª—å—Ü–µ–≤ –æ–±–ª–∏–≥–∞—Ü–∏–π. –î–ª—è —ç—Ç–æ–≥–æ —Å 21 –ø–æ 30 –º–∞—è –í–¢–ë –ø—Ä–æ–≤–æ–¥–∏–ª –≥–æ–ª–æ—Å–æ–≤–∞–Ω–∏–µ —Å—Ä–µ–¥–∏ –≤–ª–∞–¥–µ–ª—å—Ü–µ–≤ —Å–≤–æ–∏—Ö –≤–∞–ª—é—Ç–Ω—ã—Ö —Å—É–±–æ—Ä–¥–æ–≤. –î–ª—è –ø—Ä–∏–Ω—è—Ç–∏—è —Ä–µ—à–µ–Ω–∏—è –ø–æ –∫–∞–∂–¥–æ–º—É –≤—ã–ø—É—Å–∫—É –±—ã–ª–æ –Ω–µ–æ–±—Ö–æ–¥–∏–º–æ –Ω–µ –º–µ–Ω–µ–µ 75% –æ—Ç —á–∏—Å–ª–∞ –≥–æ–ª–æ—Å–æ–≤ –¥–µ—Ä–∂–∞—Ç–µ–ª–µ–π –≤—ã–ø—É—Å–∫–∞ (–≥–æ–ª–æ—Å–æ–≤–∞–Ω–∏–µ –æ—Å—É—â–µ—Å—Ç–≤–ª—è–ª–æ—Å—å –ø–æ –ø—Ä–∏–Ω—Ü–∏–ø—É ""–æ–¥–Ω–∞ –æ–±–ª–∏–≥–∞—Ü–∏—è - –æ–¥–∏–Ω –≥–æ–ª–æ—Å"").

__""–í–¢–ë —Å—Ç–∞–ª –ø–µ—Ä–≤–æ–ø—Ä–æ—Ö–æ–¥—Ü–µ–º –≤ –ø—Ä–æ—Ü–µ—Å—Å–µ –ø–µ—Ä–µ–≤–æ–¥–∞ –Ω–æ–º–∏–Ω–∞–ª–∞ –≤–∞–ª—é—Ç–Ω—ã—Ö —Å—É–±–æ—Ä–¥–∏–Ω–∏—Ä–æ–≤–∞–Ω–Ω—ã—Ö –æ–±–ª–∏–≥–∞—Ü–∏–π –≤ —Ä—É–±–ª–µ–≤—ã–π —ç–∫–≤–∏–≤–∞–ª–µ–Ω—Ç. –ù–∞—Å –∂–¥–∞–ª —Å—é—Ä–ø—Ä–∏–∑: –≤–æ–ø—Ä–µ–∫–∏ –æ–∂–∏–¥–∞–Ω–∏—è–º –∏ –≤–Ω–µ—à–Ω–µ–π –∫–æ–Ω—ä—é–Ω–∫—Ç—É—Ä–µ - –ø–∏–∫–∏—Ä–æ–≤–∞–Ω–∏—é –∫—É—Ä—Å–∞ –¥–æ–ª–ª–∞—Ä–∞, - –¥–µ—Ä–∂–∞—Ç–µ–ª–∏ –æ–∫–∞–∑–∞–ª–∏—Å—å –∞–∫—Ç–∏–≤–Ω—ã–º–∏. –°–æ–≤–æ–∫—É–ø–Ω–æ –ø—Ä–æ—Ü–µ–Ω—Ç –ø—Ä–æ–≥–æ–ª–æ—Å–æ–≤–∞–≤—à–∏—Ö ""–∑–∞"" - –æ–∫–æ–ª–æ –ø–æ–ª–æ–≤–∏–Ω—ã. –ü–æ –æ–¥–Ω–æ–º—É –∏–∑ –≤—ã–ø—É—Å–∫–æ–≤, –°–£–ë-–¢1-2 –æ–±—ä–µ–º–æ–º 190 –º–ª–Ω –µ–≤—Ä–æ, –ø—Ä–æ–±–∏—Ç —É—Ä–æ–≤–µ–Ω—å –∫–≤–æ—Ä—É–º–∞ - —Å–≤—ã—à–µ 75% –≥–æ–ª–æ—Å–æ–≤ –¥–µ—Ä–∂–∞—Ç–µ–ª–µ–π. –ü–æ –∏—Ç–æ–≥–∞–º –≥–æ–ª–æ—Å–æ–≤–∞–Ω–∏—è –≤ —ç–º–∏—Å—Å–∏–æ–Ω–Ω—É—é –¥–æ–∫—É–º–µ–Ω—Ç–∞—Ü–∏—é —ç—Ç–æ–≥–æ –≤—ã–ø—É—Å–∫–∞ –±—É–¥—É—Ç –≤–Ω–µ—Å–µ–Ω—ã –∏–∑–º–µ–Ω–µ–Ω–∏—è, –ø—Ä–µ–¥—É—Å–º–∞—Ç—Ä–∏–≤–∞—é—â–∏–µ –∑–∞–º–µ–Ω—É –≤–∞–ª—é—Ç—ã –Ω–æ–º–∏–Ω–∞–ª–∞ –æ–±–ª–∏–≥–∞—Ü–∏–π —Å –µ–≤—Ä–æ –Ω–∞ —Ä–æ—Å—Å–∏–π—Å–∫–∏–π —Ä—É–±–ª—å –∏ –ø–µ—Ä–µ—Ö–æ–¥ –Ω–∞ –ø–ª–∞–≤–∞—é—â—É—é —Å—Ç–∞–≤–∫—É –∫—É–ø–æ–Ω–∞ - –ö–°+5% –≥–æ–¥–æ–≤—ã—Ö"",__ - —Å–∫–∞–∑–∞–ª –ü—å—è–Ω–æ–≤, —Å–ª–æ–≤–∞ –∫–æ—Ç–æ—Ä–æ–≥–æ –ø—Ä–∏–≤–æ–¥–∏—Ç –ø—Ä–µ—Å—Å-—Å–ª—É–∂–±–∞ –í–¢–ë.

__""–ß—Ç–æ –∫–∞—Å–∞–µ—Ç—Å—è –æ—Å—Ç–∞–ª—å–Ω—ã—Ö –≤—ã–ø—É—Å–∫–æ–≤, –≥–¥–µ –ø—Ä–æ—Ü–µ–Ω—Ç –æ–¥–æ–±—Ä–∏–≤—à–∏—Ö —Ä—É–±–ª–∏—Ñ–∏–∫–∞—Ü–∏—é –¥–æ—Å—Ç–∏–≥–∞–µ—Ç 63%, —Ç–æ –Ω—É–∂–Ω–æ –ø–æ–Ω–∏–º–∞—Ç—å: –º—ã –≤ –ø—Ä–æ—Ü–µ—Å—Å–µ —Ä—É–±–ª–∏—Ñ–∏–∫–∞—Ü–∏–∏ –ø–µ—Ä–≤—ã–µ, –≥–æ—Ç–æ–≤–æ–≥–æ –º–∞—Å—à—Ç–∞–±–∏—Ä—É–µ–º–æ–≥–æ —Ä–µ—à–µ–Ω–∏—è –Ω–µ —Å—É—â–µ—Å—Ç–≤—É–µ—Ç"",__ - –æ—Ç–º–µ—Ç–∏–ª –ø–µ—Ä–≤—ã–π –∑–∞–º–ø—Ä–µ–¥ –í–¢–ë. –ü–æ –µ–≥–æ —Å–ª–æ–≤–∞–º, –í–¢–ë —Å–æ–≤–º–µ—Å—Ç–Ω–æ —Å –ë–∞–Ω–∫–æ–º –†–æ—Å—Å–∏–∏ –ø—Ä–æ—Ä–∞–±–æ—Ç–∞–µ—Ç –≤–∞—Ä–∏–∞–Ω—Ç—ã, –æ–±–µ—Å–ø–µ—á–∏–≤–∞—é—â–∏–µ –≤–æ–∑–º–æ–∂–Ω–æ—Å—Ç—å –∫–æ–Ω–≤–µ—Ä—Ç–∞—Ü–∏–∏ –Ω–æ–º–∏–Ω–∞–ª–∞ –≤ —Ä—É–±–ª–∏ –¥–ª—è –∑–∞–∏–Ω—Ç–µ—Ä–µ—Å–æ–≤–∞–Ω–Ω—ã—Ö –∏–Ω–≤–µ—Å—Ç–æ—Ä–æ–≤.

@ifax_go",0,2025-06-04 02:31:10
2025-06-03 19:05:23,"**""–¢-–¢–µ—Ö–Ω–æ–ª–æ–≥–∏–∏"" –Ω–µ –≤–∏–¥—è—Ç —Ä–∏—Å–∫–æ–≤ –ø—Ä–∏–æ—Å—Ç–∞–Ω–æ–≤–∫–∏ –µ–∂–µ–∫–≤–∞—Ä—Ç–∞–ª—å–Ω–æ–π –≤—ã–ø–ª–∞—Ç—ã –¥–∏–≤–∏–¥–µ–Ω–¥–æ–≤**

–ú–ö–ü–ê–û ""–¢-–¢–µ—Ö–Ω–æ–ª–æ–≥–∏–∏"" –ø—Ä–æ–¥–æ–ª–∂–∏—Ç –ø–ª–∞—Ç–∏—Ç—å –¥–∏–≤–∏–¥–µ–Ω–¥—ã –µ–∂–µ–∫–≤–∞—Ä—Ç–∞–ª—å–Ω–æ, —Ä–∏—Å–∫–æ–≤ –ø—Ä–∏–æ—Å—Ç–∞–Ω–æ–≤–∫–∏ —ç—Ç–∏—Ö –≤—ã–ø–ª–∞—Ç –Ω–µ –≤–∏–¥–∏—Ç, –∑–∞—è–≤–∏–ª –≥–ª–∞–≤–∞ IR ""–¢-–¢–µ—Ö–Ω–æ–ª–æ–≥–∏–π"" –ê–Ω–¥—Ä–µ–π –ü–∞–≤–ª–æ–≤-–†—É—Å–∏–Ω–æ–≤ –≤ —ç—Ñ–∏—Ä–µ ""–ì–ü–ë –∏–Ω–≤–µ—Å—Ç–∏—Ü–∏–π"".

__""–î–ª—è –Ω–∞—Å –æ—á–µ–Ω—å –∫–æ–º—Ñ–æ—Ä—Ç–Ω–∞ —Ç–∞ –¥–∏–≤–∏–¥–µ–Ω–¥–Ω–∞—è –ø–æ–ª–∏—Ç–∏–∫–∞, –∫–æ—Ç–æ—Ä—É—é –º—ã –ø—Ä–µ–¥—Å—Ç–∞–≤–∏–ª–∏ —Ä—ã–Ω–∫—É –∏ –∫–æ—Ç–æ—Ä–æ–π –º—ã —Å–ª–µ–¥—É–µ–º. –í —Ç–µ—Ö —Å—Ü–µ–Ω–∞—Ä–∏—è—Ö, –∫–æ—Ç–æ—Ä—ã–µ –º—ã —Ä–∞—Å—Å–º–∞—Ç—Ä–∏–≤–∞–µ–º, –º—ã —Ç–∞–∫–∏—Ö —Ä–∏—Å–∫–æ–≤ –Ω–µ –Ω–∞–±–ª—é–¥–∞–µ–º"",__ - —Å–∫–∞–∑–∞–ª –æ–Ω, –æ—Ç–≤–µ—á–∞—è –Ω–∞ –≤–æ–ø—Ä–æ—Å, –µ—Å—Ç—å –ª–∏ —Ö–æ—Ç—å –æ–¥–∏–Ω —Å—Ü–µ–Ω–∞—Ä–∏–π, –≤ –∫–æ—Ç–æ—Ä–æ–º –≥—Ä—É–ø–ø–∞ –º–æ–∂–µ—Ç –ø—Ä–∏–æ—Å—Ç–∞–Ω–æ–≤–∏—Ç—å –µ–∂–µ–∫–≤–∞—Ä—Ç–∞–ª—å–Ω—É—é –≤—ã–ø–ª–∞—Ç—É –¥–∏–≤–∏–¥–µ–Ω–¥–æ–≤, –∏ –≤—ã—Å–æ–∫–∏ –ª–∏ —ç—Ç–∏ —Ä–∏—Å–∫–∏.

–ì—Ä—É–ø–ø–∞, —Å–æ–≥–ª–∞—Å–Ω–æ –¥–µ–π—Å—Ç–≤—É—é—â–µ–π –¥–∏–≤–∏–¥–µ–Ω–¥–Ω–æ–π –ø–æ–ª–∏—Ç–∏–∫–µ, —Å—Ç—Ä–µ–º–∏—Ç—Å—è —Ä–∞—Å–ø—Ä–µ–¥–µ–ª—è—Ç—å –¥–æ 30% –æ—Ç —á–∏—Å—Ç–æ–π –ø—Ä–∏–±—ã–ª–∏ –ø–æ –ú–°–§–û –∑–∞ –≥–æ–¥.

–ì–ª–∞–≤–∞ IR –Ω–µ –∏—Å–∫–ª—é—á–∏–ª, —á—Ç–æ –¥–∏–≤–∏–¥–µ–Ω–¥—ã –≤ —Å–ª—É—á–∞–µ –∏–Ω–≤–µ—Å—Ç–∏—Ü–∏–π –≥—Ä—É–ø–ø—ã –≤ –∞–∫—Ç–∏–≤—ã –¥–ª—è –¥–∞–ª—å–Ω–µ–π—à–µ–≥–æ —Ä–∞–∑–≤–∏—Ç–∏—è –º–æ–≥—É—Ç –∏ –Ω–µ –¥–æ—Å—Ç–∏–≥–∞—Ç—å 30% –æ—Ç –ø—Ä–∏–±—ã–ª–∏ –≤ –æ–ø—Ä–µ–¥–µ–ª—ë–Ω–Ω—ã–µ –º–æ–º–µ–Ω—Ç—ã.

@ifax_go",1,2025-06-04 02:31:10
2025-06-03 19:01:53,"üá∑üá∫**–†—ã–Ω–æ–∫ –∞–∫—Ü–∏–π –†–§ –≤–æ –≤—Ç–æ—Ä–Ω–∏–∫ –ø—Ä–µ–≤—ã—Å–∏–ª 2830–ø –ø–æ –∏–Ω–¥–µ–∫—Å—É –ú–æ—Å–ë–∏—Ä–∂–∏**

–†—ã–Ω–æ–∫ –∞–∫—Ü–∏–π –†–§ –≤–æ –≤—Ç–æ—Ä–Ω–∏–∫ —Å–º–æ–≥ –ø–æ–¥—Ä–∞—Å—Ç–∏, –æ—Ç—ã–≥—Ä–∞–≤ –ø–æ–∑–∏—Ç–∏–≤–Ω—É—é —Ä–µ–∞–∫—Ü–∏—é –∏–Ω–≤–µ—Å—Ç–æ—Ä–æ–≤ –Ω–∞ –∏—Ç–æ–≥–∏ –≤—Ç–æ—Ä–æ–≥–æ —Ä–∞—É–Ω–¥–∞ –ø–µ—Ä–µ–≥–æ–≤–æ—Ä–æ–≤ –†–§-–£–∫—Ä–∞–∏–Ω–∞ –ø–æ –º–∏—Ä–Ω–æ–º—É —É—Ä–µ–≥—É–ª–∏—Ä–æ–≤–∞–Ω–∏—é —É–∫—Ä–∞–∏–Ω—Å–∫–æ–≥–æ –∫–æ–Ω—Ñ–ª–∏–∫—Ç–∞, –∞ —Ç–∞–∫–∂–µ –ø–æ–¥–æ—Ä–æ–∂–∞–≤—à—É—é –Ω–µ—Ñ—Ç—å. –ò–Ω–¥–µ–∫—Å –ú–æ—Å–ë–∏—Ä–∂–∏ –ø—Ä–µ–≤—ã—Å–∏–ª 2830 –ø—É–Ω–∫—Ç–æ–≤ –≤–æ –≥–ª–∞–≤–µ —Å –±—É–º–∞–≥–∞–º–∏ –ü–ê–û ""–ì—Ä—É–ø–ø–∞ –∫–æ–º–ø–∞–Ω–∏–π –ü–ò–ö"" (+6,3%) –∏ ""–ú–¢–°"" (+4,4%), –ø—Ä–∏—á–µ–º –ø–æ–¥—ä–µ–º –±–æ–ª—å—à–∏–Ω—Å—Ç–≤–∞ blue chips –∫–æ–º–ø–µ–Ω—Å–∏—Ä–æ–≤–∞–ª –Ω–µ–≥–∞—Ç–∏–≤–Ω–æ–µ –≤–ª–∏—è–Ω–∏–µ –¥–∏–≤–∏–¥–µ–Ω–¥–Ω–æ–≥–æ ""–≥—ç–ø–∞"" –±—É–º–∞–≥ ""–õ–£–ö–û–ô–õ–∞"" (-4,8%, —Ñ–∏–Ω–∞–ª—å–Ω—ã–µ –≤—ã–ø–ª–∞—Ç—ã –ù–ö –∑–∞ 2024 –≥–æ–¥ —Å–æ—Å—Ç–∞–≤—è—Ç 541 —Ä—É–±–ª—å –Ω–∞ –∞–∫—Ü–∏—é).

–ü–æ –∏—Ç–æ–≥–∞–º –æ—Å–Ω–æ–≤–Ω—ã—Ö —Ç–æ—Ä–≥–æ–≤ –∏–Ω–¥–µ–∫—Å –ú–æ—Å–ë–∏—Ä–∂–∏ —Å–æ—Å—Ç–∞–≤–∏–ª 2834,06 –ø—É–Ω–∫—Ç–∞ (+0,2%), –∏–Ω–¥–µ–∫—Å –†–¢–° - 1132,19 –ø—É–Ω–∫—Ç–∞ (+0,5%); —Ü–µ–Ω—ã –±–æ–ª—å—à–∏–Ω—Å—Ç–≤–∞ ""–≥–æ–ª—É–±—ã—Ö —Ñ–∏—à–µ–∫"" –Ω–∞ –ú–æ—Å–±–∏—Ä–∂–µ –≤—ã—Ä–æ—Å–ª–∏ –≤ –ø—Ä–µ–¥–µ–ª–∞—Ö 3,8%.

–û—Ñ–∏—Ü–∏–∞–ª—å–Ω—ã–π –∫—É—Ä—Å –¥–æ–ª–ª–∞—Ä–∞ –°–®–ê, —É—Å—Ç–∞–Ω–æ–≤–ª–µ–Ω–Ω—ã–π –¶–ë –†–§ —Å 4 –∏—é–Ω—è, —Å–æ—Å—Ç–∞–≤–∏–ª 78,8549 —Ä—É–±. (-27,36 –∫–æ–ø–µ–π–∫–∏).

@ifax_go",0,2025-06-04 02:31:10
2025-06-03 18:19:08,"üõ¢**Brent –ø–æ–¥–æ—Ä–æ–∂–∞–ª–∞ –¥–æ $65,72 –∑–∞ –±–∞—Ä—Ä–µ–ª—å**

–ü–æ–¥—ä–µ–º –Ω–µ—Ñ—Ç—è–Ω—ã—Ö –∫–æ—Ç–∏—Ä–æ–≤–æ–∫ –≤–µ—á–µ—Ä–æ–º –≤–æ –≤—Ç–æ—Ä–Ω–∏–∫ —É—Å–∏–ª–∏–ª—Å—è.

–¶–µ–Ω–∞ –∞–≤–≥—É—Å—Ç–æ–≤—Å–∫–∏—Ö —Ñ—å—é—á–µ—Ä—Å–æ–≤ –Ω–∞ —Å–æ—Ä—Ç Brent –Ω–∞ –ª–æ–Ω–¥–æ–Ω—Å–∫–æ–π –±–∏—Ä–∂–µ ICE Futures –ø–æ –¥–∞–Ω–Ω—ã–º –Ω–∞ 17:53 –º—Å–∫ –ø–æ–≤—ã—Å–∏–ª–∞—Å—å –Ω–∞ $1,09 (1,69%), –¥–æ $65,72 –∑–∞ –±–∞—Ä—Ä–µ–ª—å.

–§—å—é—á–µ—Ä—Å—ã –Ω–∞ –Ω–µ—Ñ—Ç—å WTI –Ω–∞ –∏—é–ª—å –Ω–∞ –ù—å—é-–ô–æ—Ä–∫—Å–∫–æ–π —Ç–æ–≤–∞—Ä–Ω–æ–π –±–∏—Ä–∂–µ –ø–æ–¥–æ—Ä–æ–∂–∞–ª–∏ –∫ —ç—Ç–æ–º—É –≤—Ä–µ–º–µ–Ω–∏ –Ω–∞ $1,23 (1,97%), –¥–æ $63,75 –∑–∞ –±–∞—Ä—Ä–µ–ª—å.

@ifax_go",0,2025-06-04 02:31:10
2025-06-03 17:25:18,"üíµüí∂**–û—Ñ–∏—Ü–∏–∞–ª—å–Ω—ã–µ –∫—É—Ä—Å—ã –¶–ë –†–§ —Å 4 –∏—é–Ω—è - 78,8549 —Ä—É–±./$1 –∏ 89,9267 —Ä—É–±.****/EUR1**

@ifax_go",0,2025-06-04 02:31:10
2025-06-03 17:04:10,"üá∫üá∏**–ò–Ω–¥–µ–∫—Å—ã –°–®–ê —Ä–∞—Å—Ç—É—Ç –≤ –Ω–∞—á–∞–ª–µ —Ç–æ—Ä–≥–æ–≤**

–ê–º–µ—Ä–∏–∫–∞–Ω—Å–∫–∏–µ —Ñ–æ–Ω–¥–æ–≤—ã–µ –∏–Ω–¥–µ–∫—Å—ã —Ä–∞—Å—Ç—É—Ç –≤ –Ω–∞—á–∞–ª–µ —Ç–æ—Ä–≥–æ–≤ –≤–æ –≤—Ç–æ—Ä–Ω–∏–∫.

–ò–Ω–≤–µ—Å—Ç–æ—Ä—ã –≤–Ω–∏–º–∞—Ç–µ–ª—å–Ω–æ —Å–ª–µ–¥—è—Ç –∑–∞ —Ä–∞–∑–≤–∏—Ç–∏–µ–º —Ç–æ—Ä–≥–æ–≤—ã—Ö –æ—Ç–Ω–æ—à–µ–Ω–∏–π –°–®–ê –∏ –ö–∏—Ç–∞—è, –æ–∂–∏–¥–∞—è –Ω–∞ —ç—Ç–æ–π –Ω–µ–¥–µ–ª–µ –≤–æ–∑–º–æ–∂–Ω–æ–≥–æ —Ç–µ–ª–µ—Ñ–æ–Ω–Ω–æ–≥–æ —Ä–∞–∑–≥–æ–≤–æ—Ä–∞ –ª–∏–¥–µ—Ä–æ–≤ –¥–≤—É—Ö —Å—Ç—Ä–∞–Ω - –î–æ–Ω–∞–ª—å–¥–∞ –¢—Ä–∞–º–ø–∞ –∏ –°–∏ –¶–∑–∏–Ω—å–ø–∏–Ω–∞ - –¥–ª—è —É—Ä–µ–≥—É–ª–∏—Ä–æ–≤–∞–Ω–∏—è —Ä–∞–∑–Ω–æ–≥–ª–∞—Å–∏–π.

–ú–µ–∂–¥—É —Ç–µ–º –≤–ª–∞—Å—Ç–∏ –ï–≤—Ä–æ—Å–æ—é–∑–∞ –ø–æ–¥–≤–µ—Ä–≥–ª–∏ –∫—Ä–∏—Ç–∏–∫–µ –ø—Ä–µ–¥–ª–æ–∂–µ–Ω–∏–µ –¢—Ä–∞–º–ø–∞ –ø–æ–≤—ã—Å–∏—Ç—å –∏–º–ø–æ—Ä—Ç–Ω—ã–µ –ø–æ—à–ª–∏–Ω—ã –Ω–∞ —Å—Ç–∞–ª—å –¥–æ 50% —Å 25%. –ü–æ –∏—Ö –º–Ω–µ–Ω–∏—é, —Ç–∞–∫–æ–π —à–∞–≥ –º–æ–∂–µ—Ç –Ω–µ–≥–∞—Ç–∏–≤–Ω–æ —Å–∫–∞–∑–∞—Ç—å—Å—è –Ω–∞ —Ç–æ—Ä–≥–æ–≤—ã—Ö –ø–µ—Ä–µ–≥–æ–≤–æ—Ä–∞—Ö –ë—Ä—é—Å—Å–µ–ª—è –∏ –í–∞—à–∏–Ω–≥—Ç–æ–Ω–∞.

üî∫Dow Jones –∫ 16:42 –º—Å–∫ –ø–æ–≤—ã—Å–∏–ª—Å—è –Ω–∞ 0,09% –∏ —Å–æ—Å—Ç–∞–≤–∏–ª 42343,18 –ø—É–Ω–∫—Ç–∞.

üî∫S&P 500 —Ç–∞–∫–∂–µ —É–≤–µ–ª–∏—á–∏–ª—Å—è –Ω–∞ 0,09% - –¥–æ 5941,52 –ø—É–Ω–∫—Ç–∞.

üî∫Nasdaq –ø—Ä–∏–±–∞–≤–∏–ª 0,18% –∏ —Å–æ—Å—Ç–∞–≤–∏–ª 19276,58 –ø—É–Ω–∫—Ç–∞.

@ifax_go",0,2025-06-04 02:31:10
2025-06-03 16:59:00,"**Henderson —Ä–∞–∑–º–µ—Å—Ç–∏–ª –æ–±–ª–∏–≥–∞—Ü–∏–∏ –Ω–∞ 1,8 –º–ª—Ä–¥ —Ä—É–±–ª–µ–π**

–†–∏—Ç–µ–π–ª–µ—Ä –º—É–∂—Å–∫–æ–π –æ–¥–µ–∂–¥—ã –∏ –æ–±—É–≤–∏ –≤ –†–§ Henderson (–ü–ê–û ""–•—ç–Ω–¥–µ—Ä—Å–æ–Ω –§—ç—à–Ω –ì—Ä—É–ø–ø"") –∑–∞–≤–µ—Ä—à–∏–ª —Ä–∞–∑–º–µ—â–µ–Ω–∏–µ 2-–ª–µ—Ç–Ω–∏—Ö –æ–±–ª–∏–≥–∞—Ü–∏–π —Å–µ—Ä–∏–∏ 001P-01 –æ–±—ä–µ–º–æ–º 1,8 –º–ª—Ä–¥ —Ä—É–±–ª–µ–π, —Å–æ–æ–±—â–∏–ª —ç–º–∏—Ç–µ–Ω—Ç –Ω–∞ –ª–µ–Ω—Ç–µ —Ä–∞—Å–∫—Ä—ã—Ç–∏—è –∏–Ω—Ñ–æ—Ä–º–∞—Ü–∏–∏.

–°–±–æ—Ä –∑–∞—è–≤–æ–∫ –Ω–∞ –≤—ã–ø—É—Å–∫ –ø—Ä–æ—à–µ–ª 29 –º–∞—è. –ü—Ä–∏ –æ—Ç–∫—Ä—ã—Ç–∏–∏ –∫–Ω–∏–≥–∏ –∑–∞—è–≤–æ–∫ –æ—Ä–∏–µ–Ω—Ç–∏—Ä –∫—É–ø–æ–Ω–∞ —Å–æ—Å—Ç–∞–≤–ª—è–ª –Ω–µ –≤—ã—à–µ 22% –≥–æ–¥–æ–≤—ã—Ö, –≤ —Ö–æ–¥–µ –º–∞—Ä–∫–µ—Ç–∏–Ω–≥–∞ –æ–Ω –¥–≤–∞–∂–¥—ã —Å–Ω–∏–∂–∞–ª—Å—è. –°—Ç–∞–≤–∫–∞ 1-–≥–æ –∫—É–ø–æ–Ω–∞ —É—Å—Ç–∞–Ω–æ–≤–ª–µ–Ω–∞ –Ω–∞ —É—Ä–æ–≤–Ω–µ 19,5% –≥–æ–¥–æ–≤—ã—Ö, –µ–π —Å–æ–æ—Ç–≤–µ—Ç—Å—Ç–≤—É–µ—Ç –¥–æ—Ö–æ–¥–Ω–æ—Å—Ç—å –∫ –ø–æ–≥–∞—à–µ–Ω–∏—é –Ω–∞ —É—Ä–æ–≤–Ω–µ 21,34% –≥–æ–¥–æ–≤—ã—Ö. –ü–æ –≤—ã–ø—É—Å–∫—É –±—É–¥—É—Ç –≤—ã–ø–ª–∞—á–∏–≤–∞—Ç—å—Å—è —Ñ–∏–∫—Å–∏—Ä–æ–≤–∞–Ω–Ω—ã–µ –µ–∂–µ–º–µ—Å—è—á–Ω—ã–µ –∫—É–ø–æ–Ω—ã.

–û—Ä–≥–∞–Ω–∏–∑–∞—Ç–æ—Ä–∞–º–∏ –≤—ã—Å—Ç—É–ø–∏–ª–∏ SberCIB, –°–æ–≤–∫–æ–º–±–∞–Ω–∫, GI Solutions, –ë–ö–° –ö–ò–ë –∏ –¢-–ë–∞–Ω–∫.

""–≠–∫—Å–ø–µ—Ä—Ç –†–ê"" –ø—Ä–∏—Å–≤–æ–∏–ª–æ —ç–º–∏—Å—Å–∏–∏ –∫—Ä–µ–¥–∏—Ç–Ω—ã–π —Ä–µ–π—Ç–∏–Ω–≥ –Ω–∞ —É—Ä–æ–≤–Ω–µ ruA+.

@ifax_go",1,2025-06-04 02:31:10
2025-06-03 16:31:56,"üó£**–ò–Ω—Ñ–ª—è—Ü–∏—è –≤ –†–§ –æ—â—É—Ç–∏–º–æ –∑–∞–º–µ–¥–ª—è–µ—Ç—Å—è, –≤–∞–∂–Ω–æ –≥—Ä–∞–º–æ—Ç–Ω–æ –≤—ã–π—Ç–∏ –∏–∑ –ø–µ—Ä–∏–æ–¥–∞ –æ—Ö–ª–∞–∂–¥–µ–Ω–∏—è - –†–µ—à–µ—Ç–Ω–∏–∫–æ–≤**

–≠–∫–æ–Ω–æ–º–∏–∫–∞ –†–§ –≤–æ—à–ª–∞ –≤ –ø–µ—Ä–∏–æ–¥ –æ—Ö–ª–∞–∂–¥–µ–Ω–∏—è, –≤—Å–µ –±–æ–ª—å—à–µ –æ—Ç—Ä–∞—Å–ª–µ–π —Ä–µ–∞–ª—å–Ω–æ–≥–æ —Å–µ–∫—Ç–æ—Ä–∞ –ø–æ–∫–∞–∑—ã–≤–∞—é—Ç –ø–∞–¥–µ–Ω–∏–µ, –ø—Ä–∏ —ç—Ç–æ–º –∏–Ω—Ñ–ª—è—Ü–∏—è –æ—â—É—Ç–∏–º–æ –∑–∞–º–µ–¥–ª—è–µ—Ç—Å—è, –≤–∞–∂–Ω–æ –≥—Ä–∞–º–æ—Ç–Ω–æ –≤—ã–π—Ç–∏ –∏–∑ –æ—Ö–ª–∞–∂–¥–µ–Ω–∏—è, —Å–≤–æ–µ–≤—Ä–µ–º–µ–Ω–Ω–æ —Å–º—è–≥—á–∏—Ç—å –î–ö–ü, —á—Ç–æ–±—ã –≤ –ø–µ—Ä—Å–ø–µ–∫—Ç–∏–≤–µ —Å–æ—Ö—Ä–∞–Ω–∏—Ç—å —Ü–µ–ª–µ–≤—ã–µ —Ç–µ–º–ø—ã —Ä–æ—Å—Ç–∞ –í–í–ü –†–§ –≤ 3%, –∑–∞—è–≤–∏–ª –≥–ª–∞–≤–∞ –ú–∏–Ω—ç–∫–æ–Ω–æ–º—Ä–∞–∑–≤–∏—Ç–∏—è –†–§ –ú–∞–∫—Å–∏–º –†–µ—à–µ—Ç–Ω–∏–∫–æ–≤, –≤—ã—Å—Ç—É–ø–∞—è –≤ —Ä–∞–º–∫–∞—Ö ""–æ—Ç–∫—Ä—ã—Ç–æ–≥–æ –¥–∏–∞–ª–æ–≥–∞"" –≤ –°–æ–≤–µ—Ç–µ –§–µ–¥–µ—Ä–∞—Ü–∏–∏.

__""–≠–∫–æ–Ω–æ–º–∏–∫–∞ —Å–µ–π—á–∞—Å –≤–æ—à–ª–∞ –≤ –ø–µ—Ä–∏–æ–¥ –æ—Ö–ª–∞–∂–¥–µ–Ω–∏—è –ø–æ—Å–ª–µ –≤—ã—Å–æ–∫–∏—Ö —Ç–µ–º–ø–æ–≤ —Ä–æ—Å—Ç–∞ –≤ –ø—Ä–µ–¥—ã–¥—É—â–∏–µ –¥–≤–∞ –≥–æ–¥–∞"",__ - —Å–∫–∞–∑–∞–ª –æ–Ω.__ ""–í–∏–¥–∏–º, –≤—Å–µ –±–æ–ª—å—à–µ –æ—Ç—Ä–∞—Å–ª–µ–π —Ä–µ–∞–ª—å–Ω–æ–≥–æ —Å–µ–∫—Ç–æ—Ä–∞ –ø–æ–∫–∞–∑—ã–≤–∞—é—Ç –ø–∞–¥–µ–Ω–∏–µ –≤—ã–ø—É—Å–∫–∞. –ó–∞–º–µ–¥–ª—è—é—Ç—Å—è —Ç–µ–º–ø—ã —Ä–æ—Å—Ç–∞ –ø–æ—Ç—Ä–µ–±–∏—Ç–µ–ª—å—Å–∫–æ–≥–æ —Å–ø—Ä–æ—Å–∞. –ü—Ä–∏ —ç—Ç–æ–º –ø—Ä–∏—Ä–æ—Å—Ç –¥–æ—Ö–æ–¥–æ–≤ –Ω–∞—Å–µ–ª–µ–Ω–∏—è –ø—Ä–æ–¥–æ–ª–∂–∞–µ—Ç —É—Ö–æ–¥–∏—Ç—å –≤ —Å–±–µ—Ä–µ–∂–µ–Ω–∏—è, –∞ –Ω–µ –Ω–∞ –ø–æ—Ç—Ä–µ–±–∏—Ç–µ–ª—å—Å–∫–∏–π —Ä—ã–Ω–æ–∫. –°—Ç–∞—Ç–∏—Å—Ç–∏–∫–∞ –ø–æ–∫–∞–∑—ã–≤–∞–µ—Ç –æ—â—É—Ç–∏–º–æ–µ –∑–∞–º–µ–¥–ª–µ–Ω–∏–µ –∏–Ω—Ñ–ª—è—Ü–∏–∏"",__ - –æ—Ç–º–µ—Ç–∏–ª –º–∏–Ω–∏—Å—Ç—Ä.

__""–°–µ–π—á–∞—Å –∑–∞–¥–∞—á–∞ - –≥—Ä–∞–º–æ—Ç–Ω–æ –ø—Ä–æ–π—Ç–∏ –ø–µ—Ä–∏–æ–¥ –æ—Ö–ª–∞–∂–¥–µ–Ω–∏—è. –†–∞—Å—Å—á–∏—Ç—ã–≤–∞–µ–º –Ω–∞ —Å–≤–æ–µ–≤—Ä–µ–º–µ–Ω–Ω–æ–µ —Å–º—è–≥—á–µ–Ω–∏–µ –¥–µ–Ω–µ–∂–Ω–æ-–∫—Ä–µ–¥–∏—Ç–Ω–æ–π –ø–æ–ª–∏—Ç–∏–∫–∏, —á—Ç–æ–±—ã –≤ –ø–µ—Ä—Å–ø–µ–∫—Ç–∏–≤–µ —Å–æ—Ö—Ä–∞–Ω–∏—Ç—å —Ü–µ–ª–µ–≤—ã–µ —Ç—Ä–µ—Ö–ø—Ä–æ—Ü–µ–Ω—Ç–Ω—ã–µ —Ç–µ–º–ø—ã —Ä–æ—Å—Ç–∞, –æ–±–æ–∑–Ω–∞—á–µ–Ω–Ω—ã–µ –ø—Ä–µ–∑–∏–¥–µ–Ω—Ç–æ–º"",__ - –ø–æ–¥—á–µ—Ä–∫–Ω—É–ª –≥–ª–∞–≤–∞ –ú–∏–Ω—ç–∫–æ–Ω–æ–º—Ä–∞–∑–≤–∏—Ç–∏—è –†–§.

@ifax_go",0,2025-06-04 02:31:10
2025-06-03 12:26:22,"üó£**""–†–æ—Å—Ç–µ—Ö"" –Ω–∞–¥–µ–µ—Ç—Å—è –Ω–∞ —Å–Ω–∏–∂–µ–Ω–∏–µ –∫–ª—é—á–µ–≤–æ–π —Å—Ç–∞–≤–∫–∏ –Ω–∞ –±–ª–∏–∂–∞–π—à–µ–º –∑–∞—Å–µ–¥–∞–Ω–∏–∏ –¶–ë**

–ì–æ—Å–∫–æ—Ä–ø–æ—Ä–∞—Ü–∏—è ""–†–æ—Å—Ç–µ—Ö"" –Ω–∞–¥–µ–µ—Ç—Å—è –Ω–∞ —Å–Ω–∏–∂–µ–Ω–∏–µ –∫–ª—é—á–µ–≤–æ–π —Å—Ç–∞–≤–∫–∏ –Ω–∞ –±–ª–∏–∂–∞–π—à–µ–º –∑–∞—Å–µ–¥–∞–Ω–∏–∏ —Å–æ–≤–µ—Ç–∞ –¥–∏—Ä–µ–∫—Ç–æ—Ä–æ–≤ –ë–∞–Ω–∫–∞ –†–æ—Å—Å–∏–∏, —Å–æ–æ–±—â–∏–ª –≥–ª–∞–≤–∞ –≥–æ—Å–∫–æ—Ä–ø–æ—Ä–∞—Ü–∏–∏ –°–µ—Ä–≥–µ–π –ß–µ–º–µ–∑–æ–≤ –∂—É—Ä–Ω–∞–ª–∏—Å—Ç–∞–º –≤–æ –≤—Ç–æ—Ä–Ω–∏–∫.

__""–ú—ã –æ–∂–∏–¥–∞–µ–º, –ø—Ä–∏—á–µ–º —É–∂–µ –æ—á–µ–Ω—å –¥–∞–≤–Ω–æ (—Å–Ω–∏–∂–µ–Ω–∏—è —Å—Ç–∞–≤–∫–∏ - –ò–§). –¢–µ–º–∞ –±–æ–ª—å–Ω–∞—è –¥–ª—è –≤—Å–µ–π –ø—Ä–æ–º—ã—à–ª–µ–Ω–Ω–æ—Å—Ç–∏, –¥–ª—è –≤—Å–µ–π —ç–∫–æ–Ω–æ–º–∏–∫–∏. –ë—É–¥–µ–º –≤–µ—Ä–∏—Ç—å, —á—Ç–æ —ç—Ç–æ –ø—Ä–æ–∏–∑–æ–π–¥–µ—Ç"",__ - —Å–∫–∞–∑–∞–ª –ß–µ–º–µ–∑–æ–≤ –∂—É—Ä–Ω–∞–ª–∏—Å—Ç–∞–º –Ω–∞ –æ—Ç–∫—Ä—ã—Ç–∏–∏ –æ–±—ä–µ–¥–∏–Ω–µ–Ω–Ω–æ–≥–æ –ø—Ä–æ—Ç–µ–∑–Ω–æ-—Ä–µ–∞–±–∏–ª–∏—Ç–∞—Ü–∏–æ–Ω–Ω–æ–≥–æ —Ü–µ–Ω—Ç—Ä–∞ –§–ú–ë–ê –†–æ—Å—Å–∏–∏ –≤ –°–æ–ª–Ω–µ—á–Ω–æ–≥–æ—Ä—Å–∫–µ, –æ—Ç–≤–µ—á–∞—è –Ω–∞ –≤–æ–ø—Ä–æ—Å –æ–± –æ–∂–∏–¥–∞–µ–º–æ–º —Ä–µ—à–µ–Ω–∏–∏ –ø–æ –∫–ª—é—á–µ–≤–æ–π —Å—Ç–∞–≤–∫–µ.

–≠—Ç–æ —Ä–µ—à–µ–Ω–∏–µ –±—É–¥–µ—Ç –ø—Ä–∏–Ω–∏–º–∞—Ç—å—Å—è –Ω–∞ –±–ª–∏–∂–∞–π—à–µ–º –∑–∞—Å–µ–¥–∞–Ω–∏–∏ —Å–æ–≤–µ—Ç–∞ –¥–∏—Ä–µ–∫—Ç–æ—Ä–æ–≤ –ë–∞–Ω–∫–∞ –†–æ—Å—Å–∏–∏ –≤ –ø—è—Ç–Ω–∏—Ü—É, 6 –∏—é–Ω—è.

–ß–µ–º–µ–∑–æ–≤ —Ä–∞–Ω–µ–µ –Ω–µ–æ–¥–Ω–æ–∫—Ä–∞—Ç–Ω–æ –≥–æ–≤–æ—Ä–∏–ª –æ —Ç–æ–º, —á—Ç–æ –≤—ã—Å–æ–∫–∏–µ —Å—Ç–∞–≤–∫–∏ –∫—Ä–µ–¥–∏—Ç–æ–≤–∞–Ω–∏—è —Å–¥–µ—Ä–∂–∏–≤–∞—é—Ç —Ä–æ—Å—Å–∏–π—Å–∫—É—é –ø—Ä–æ–º—ã—à–ª–µ–Ω–Ω–æ—Å—Ç—å –∏ —á—Ä–µ–≤–∞—Ç—ã –≤–æ–∑–º–æ–∂–Ω—ã–º –±–∞–Ω–∫—Ä–æ—Ç—Å—Ç–≤–æ–º –ø—Ä–µ–¥–ø—Ä–∏—è—Ç–∏–π.

@ifax_go",0,2025-06-04 02:31:10
2025-06-03 12:08:53,"üá™üá∫**–ò–Ω—Ñ–ª—è—Ü–∏—è –≤ –µ–≤—Ä–æ–∑–æ–Ω–µ –≤ –º–∞–µ –∑–∞–º–µ–¥–ª–∏–ª–∞—Å—å –¥–æ 1,9%**

–ü–æ—Ç—Ä–µ–±–∏—Ç–µ–ª—å—Å–∫–∏–µ —Ü–µ–Ω—ã –≤ –µ–≤—Ä–æ–∑–æ–Ω–µ –≤ –º–∞–µ —É–≤–µ–ª–∏—á–∏–ª–∏—Å—å –Ω–∞ 1,9% –≤ –≥–æ–¥–æ–≤–æ–º –≤—ã—Ä–∞–∂–µ–Ω–∏–∏, –≥–æ–≤–æ—Ä–∏—Ç—Å—è –≤ –æ—Ç—á–µ—Ç–µ —Å—Ç–∞—Ç–∏—Å—Ç–∏—á–µ—Å–∫–æ–≥–æ —É–ø—Ä–∞–≤–ª–µ–Ω–∏—è –ï–≤—Ä–æ–ø–µ–π—Å–∫–æ–≥–æ —Å–æ—é–∑–∞, –ø—Ä–µ–¥—Å—Ç–∞–≤–∏–≤—à–µ–≥–æ –ø—Ä–µ–¥–≤–∞—Ä–∏—Ç–µ–ª—å–Ω—ã–µ –¥–∞–Ω–Ω—ã–µ.

–¢–∞–∫–∏–º –æ–±—Ä–∞–∑–æ–º, –∏–Ω—Ñ–ª—è—Ü–∏—è –∑–∞–º–µ–¥–ª–∏–ª–∞—Å—å –ø–æ —Å—Ä–∞–≤–Ω–µ–Ω–∏—é —Å 2,2% –≤ –∞–ø—Ä–µ–ª–µ.

–ö–æ–Ω—Å–µ–Ω—Å—É—Å-–ø—Ä–æ–≥–Ω–æ–∑ –∞–Ω–∞–ª–∏—Ç–∏–∫–æ–≤, –∫–æ—Ç–æ—Ä—ã–π –ø—Ä–∏–≤–æ–¥–∏—Ç Trading Economics, –ø—Ä–µ–¥–ø–æ–ª–∞–≥–∞–ª –º–µ–Ω–µ–µ —Å—É—â–µ—Å—Ç–≤–µ–Ω–Ω–æ–µ –æ—Å–ª–∞–±–ª–µ–Ω–∏–µ –∏–Ω—Ñ–ª—è—Ü–∏–∏ - –¥–æ 2%.

@ifax_go",0,2025-06-04 02:31:10
2025-06-03 10:11:49,"üá∑üá∫**–†—ã–Ω–æ–∫ –∞–∫—Ü–∏–π –†–§ –æ—Ç–∫—Ä—ã–ª—Å—è –≤ –æ—Å–Ω–æ–≤–Ω—É—é —Å–µ—Å—Å–∏—é —Å–Ω–∏–∂–µ–Ω–∏–µ–º –∏–Ω–¥–µ–∫—Å–æ–≤ –ú–æ—Å–ë–∏—Ä–∂–∏ –∏ –†–¢–° –Ω–∞ 0,5%**

–†—ã–Ω–æ–∫ –∞–∫—Ü–∏–π –†–§ –Ω–∞ —Å—Ç–∞—Ä—Ç–µ —Ç–æ—Ä–≥–æ–≤ –æ—Å–Ω–æ–≤–Ω–æ–π —Å–µ—Å—Å–∏–∏ –≤–æ –≤—Ç–æ—Ä–Ω–∏–∫ —Å–æ—Ö—Ä–∞–Ω—è–µ—Ç –ø–æ–ø—ã—Ç–∫–∏ —Ä–æ—Å—Ç–∞ –ø–æ—Å–ª–µ –ø–æ–∑–∏—Ç–∏–≤–Ω–æ–π —Ä–µ–∞–∫—Ü–∏–∏ –Ω–∞–∫–∞–Ω—É–Ω–µ –Ω–∞ –∏—Ç–æ–≥–∏ –≤—Ç–æ—Ä–æ–≥–æ —Ä–∞—É–Ω–¥–∞ –ø–µ—Ä–µ–≥–æ–≤–æ—Ä–æ–≤ –†–§-–£–∫—Ä–∞–∏–Ω–∞ –ø–æ –º–∏—Ä–Ω–æ–º—É —É—Ä–µ–≥—É–ª–∏—Ä–æ–≤–∞–Ω–∏—é —É–∫—Ä–∞–∏–Ω—Å–∫–æ–≥–æ –∫–æ–Ω—Ñ–ª–∏–∫—Ç–∞; –∏–Ω–¥–µ–∫—Å—ã –ú–æ—Å–ë–∏—Ä–∂–∏ –∏ –†–¢–° –∑–∞ –º–∏–Ω—É—Ç—É —Ç–æ—Ä–≥–æ–≤ –ø—Ä–æ—Å–µ–ª–∏ –Ω–∞ 0,5% –≤–æ –≥–ª–∞–≤–µ —Å —É–ø–∞–≤—à–∏–º–∏ –±—É–º–∞–≥–∞–º–∏ ""–õ–£–ö–û–ô–õ–∞"" (-4,5%) –ø–æ—Å–ª–µ –æ—Ç—Å–µ—á–∫–∏ –Ω–∞ –ú–æ—Å–±–∏—Ä–∂–µ —Ñ–∏–Ω–∞–ª—å–Ω—ã—Ö –¥–∏–≤–∏–¥–µ–Ω–¥–æ–≤ –ù–ö –∑–∞ 2024 –≥–æ–¥ (541 —Ä—É–±–ª—å –Ω–∞ –∞–∫—Ü–∏—é).

–ö 10:01 –º—Å–∫ –∏–Ω–¥–µ–∫—Å –ú–æ—Å–ë–∏—Ä–∂–∏ —Å–æ—Å—Ç–∞–≤–∏–ª 2815,61 –ø—É–Ω–∫—Ç–∞ (-0,5%), –∏–Ω–¥–µ–∫—Å –†–¢–° - 1120,93 –ø—É–Ω–∫—Ç–∞ (-0,5%); —Ü–µ–Ω—ã –±–æ–ª—å—à–∏–Ω—Å—Ç–≤–∞ ""–≥–æ–ª—É–±—ã—Ö —Ñ–∏—à–µ–∫"" –Ω–∞ –ú–æ—Å–±–∏—Ä–∂–µ –≤—ã—Ä–æ—Å–ª–∏ –≤ –ø—Ä–µ–¥–µ–ª–∞—Ö 4,9%.

–û—Ñ–∏—Ü–∏–∞–ª—å–Ω—ã–π –∫—É—Ä—Å –¥–æ–ª–ª–∞—Ä–∞ –°–®–ê, —É—Å—Ç–∞–Ω–æ–≤–ª–µ–Ω–Ω—ã–π –¶–ë –†–§ —Å 3 –∏—é–Ω—è, —Å–æ—Å—Ç–∞–≤–ª—è–µ—Ç 79,1285 —Ä—É–±. (+51,14 –∫–æ–ø–µ–π–∫–∏).

@ifax_go",0,2025-06-04 02:31:10
2025-06-03 10:08:53,"**–†—É–±–ª—å —É—Ç—Ä–æ–º –Ω–µ–º–Ω–æ–≥–æ —Å–Ω–∏–∂–∞–µ—Ç—Å—è –≤ –ø–∞—Ä–µ —Å —é–∞–Ω–µ–º –ø–æ—Å–ª–µ —É–∫—Ä–µ–ø–ª–µ–Ω–∏—è –ø–æ –∏—Ç–æ–≥–∞–º –ø—Ä–µ–¥—ã–¥—É—â–∏—Ö —Ç–æ—Ä–≥–æ–≤**

–ü–æ –∏—Ç–æ–≥–∞–º –ø–µ—Ä–≤–æ–π –º–∏–Ω—É—Ç—ã —Ç–æ—Ä–≥–æ–≤ –∫—É—Ä—Å —é–∞–Ω—è —Å–æ—Å—Ç–∞–≤–∏–ª 10,923 —Ä—É–±. (+3,3 –∫–æ–ø. –∫ —É—Ä–æ–≤–Ω—é –ø—Ä–µ–¥—ã–¥—É—â–µ–≥–æ –∑–∞–∫—Ä—ã—Ç–∏—è). –ö–∏—Ç–∞–π—Å–∫–∞—è –≤–∞–ª—é—Ç–∞ –ø—Ä–∏ —ç—Ç–æ–º –æ–∫–∞–∑–∞–ª–∞—Å—å –Ω–∞ 2,22 –∫–æ–ø. –Ω–∏–∂–µ —É—Ä–æ–≤–Ω—è –¥–µ–π—Å—Ç–≤—É—é—â–µ–≥–æ –æ—Ñ–∏—Ü–∏–∞–ª—å–Ω–æ–≥–æ –∫—É—Ä—Å–∞.

@ifax_go",0,2025-06-04 02:31:10
2025-06-03 08:48:02,"üõ¢**Brent –ø–æ–¥–æ—Ä–æ–∂–∞–ª–∞ –¥–æ $64,81 –∑–∞ –±–∞—Ä—Ä–µ–ª—å**

–¶–µ–Ω—ã –Ω–∞ –Ω–µ—Ñ—Ç—å –ø—Ä–æ–¥–æ–ª–∂–∞—é—Ç –ø–æ–≤—ã—à–∞—Ç—å—Å—è –≤–æ –≤—Ç–æ—Ä–Ω–∏–∫ –ø–æ—Å–ª–µ —É–≤–µ—Ä–µ–Ω–Ω–æ–≥–æ –ø–æ–¥—ä–µ–º–∞ –ø–æ –∏—Ç–æ–≥–∞–º –ø—Ä–µ–¥—ã–¥—É—â–µ–π —Å–µ—Å—Å–∏–∏.

–ü–æ–¥–¥–µ—Ä–∂–∫—É –Ω–µ—Ñ—Ç—è–Ω–æ–º—É —Ä—ã–Ω–∫—É –æ–∫–∞–∑—ã–≤–∞–µ—Ç —ç—Å–∫–∞–ª–∞—Ü–∏—è –≥–µ–æ–ø–æ–ª–∏—Ç–∏—á–µ—Å–∫–æ–π –Ω–∞–ø—Ä—è–∂–µ–Ω–Ω–æ—Å—Ç–∏, –≤ —Ç–æ–º —á–∏—Å–ª–µ –∫–æ–Ω—Ñ–ª–∏–∫—Ç–∞ –†–æ—Å—Å–∏–∏ –∏ –£–∫—Ä–∞–∏–Ω—ã, –∞ —Ç–∞–∫–∂–µ —Å–∏—Ç—É–∞—Ü–∏—è –≤–æ–∫—Ä—É–≥ –ò—Ä–∞–Ω–∞.

–°—Ç–æ–∏–º–æ—Å—Ç—å –∞–≤–≥—É—Å—Ç–æ–≤—Å–∫–∏—Ö —Ñ—å—é—á–µ—Ä—Å–æ–≤ –Ω–∞ —Å–æ—Ä—Ç Brent –Ω–∞ –ª–æ–Ω–¥–æ–Ω—Å–∫–æ–π –±–∏—Ä–∂–µ ICE Futures –ø–æ –¥–∞–Ω–Ω—ã–º –Ω–∞ 8:20 –º—Å–∫ —Å–æ—Å—Ç–∞–≤–ª—è–µ—Ç $64,81 –∑–∞ –±–∞—Ä—Ä–µ–ª—å, —á—Ç–æ –Ω–∞ $0,18 (0,28%) –≤—ã—à–µ, —á–µ–º –Ω–∞ –∑–∞–∫—Ä—ã—Ç–∏–µ –ø—Ä–µ–¥—ã–¥—É—â–∏—Ö —Ç–æ—Ä–≥–æ–≤.

–§—å—é—á–µ—Ä—Å—ã –Ω–∞ –Ω–µ—Ñ—Ç—å WTI –Ω–∞ –∏—é–ª—å –Ω–∞ —ç–ª–µ–∫—Ç—Ä–æ–Ω–Ω—ã—Ö —Ç–æ—Ä–≥–∞—Ö –ù—å—é-–ô–æ—Ä–∫—Å–∫–æ–π —Ç–æ–≤–∞—Ä–Ω–æ–π –±–∏—Ä–∂–∏ –ø–æ–¥–æ—Ä–æ–∂–∞–ª–∏ –∫ —ç—Ç–æ–º—É –≤—Ä–µ–º–µ–Ω–∏ –Ω–∞ $0,31 (0,5%), –¥–æ $62,83 –∑–∞ –±–∞—Ä—Ä–µ–ª—å.

@ifax_go",0,2025-06-04 02:31:10
2025-06-03 08:38:43,"üá∫üá∏**–£–æ–ª–ª-—Å—Ç—Ä–∏—Ç –∑–∞–∫—Ä—ã–ª–∞—Å—å –≤ –ø–ª—é—Å–µ –Ω–∞ —Å—Ç–∞—Ç–¥–∞–Ω–Ω—ã—Ö –∏ –≥–µ–æ–ø–æ–ª–∏—Ç–∏–∫–µ**

–ê–º–µ—Ä–∏–∫–∞–Ω—Å–∫–∏–µ —Ñ–æ–Ω–¥–æ–≤—ã–µ –∏–Ω–¥–µ–∫—Å—ã —É–º–µ—Ä–µ–Ω–Ω–æ –≤—ã—Ä–æ—Å–ª–∏ –ø–æ –∏—Ç–æ–≥–∞–º —Ç–æ—Ä–≥–æ–≤ –≤ –ø–æ–Ω–µ–¥–µ–ª—å–Ω–∏–∫, —É—á–∞—Å—Ç–Ω–∏–∫–∏ —Ä—ã–Ω–∫–∞ –æ—Ü–µ–Ω–∏–≤–∞–ª–∏ —Å—Ç–∞—Ç–¥–∞–Ω–Ω—ã–µ –∏ —Å–∏—Ç—É–∞—Ü–∏—é —Å –∏–º–ø–æ—Ä—Ç–Ω—ã–º–∏ –ø–æ—à–ª–∏–Ω–∞–º–∏.

–ö–∞–∫ —Å–æ–æ–±—â–∞–ª–æ—Å—å, –ø—Ä–µ–∑–∏–¥–µ–Ω—Ç –°–®–ê –î–æ–Ω–∞–ª—å–¥ –¢—Ä–∞–º–ø –∞–Ω–æ–Ω—Å–∏—Ä–æ–≤–∞–ª —É–≤–µ–ª–∏—á–µ–Ω–∏–µ –ø–æ—à–ª–∏–Ω—ã –Ω–∞ –∏–º–ø–æ—Ä—Ç —Å—Ç–∞–ª–∏ –∏ –∞–ª—é–º–∏–Ω–∏—è –¥–æ 50% —Å —Ç–µ–∫—É—â–∏—Ö 25%. –†–µ—à–µ–Ω–∏–µ –≤—Å—Ç—É–ø–∏—Ç –≤ —Å–∏–ª—É 4 –∏—é–Ω—è.

üî∫–ò–Ω–¥–µ–∫—Å Dow Jones –ø–æ–≤—ã—Å–∏–ª—Å—è –Ω–∞ 0,08% –∏ —Å–æ—Å—Ç–∞–≤–∏–ª 42305,48 –ø—É–Ω–∫—Ç–∞. –õ–∏–¥–µ—Ä–æ–º —Ä–æ—Å—Ç–∞ –≤ —Å–æ—Å—Ç–∞–≤–µ –∏–Ω–¥–∏–∫–∞—Ç–æ—Ä–∞ —Å—Ç–∞–ª–∏ –∞–∫—Ü–∏–∏ Nike Inc., –ø–æ–¥–æ—Ä–æ–∂–∞–≤—à–∏–µ –Ω–∞ 2,3%, –ª–∏–¥–µ—Ä–æ–º —Å–Ω–∏–∂–µ–Ω–∏—è - –±—É–º–∞–≥–∏ Salesforce Inc., –ø–æ–¥–µ—à–µ–≤–µ–≤—à–∏–µ –Ω–∞ 1,4%.

üî∫S&P 500 —É–≤–µ–ª–∏—á–∏–ª—Å—è –Ω–∞ 0,41% - –¥–æ 5935,94 –ø—É–Ω–∫—Ç–∞.

üî∫Nasdaq –ø—Ä–∏–±–∞–≤–∏–ª 0,67% –∏ —Å–æ—Å—Ç–∞–≤–∏–ª 19242,61 –ø—É–Ω–∫—Ç–∞.

@ifax_go",0,2025-06-04 02:31:10
